num_sta,num_ffading,matrix_size,far_field,near_field,SNR,H_noise,H_decoded
10.0,200.0,256.0,9.0,6.0,-10.0,10.764034587026703,10.72327260866102
10.0,200.0,256.0,9.0,6.0,-5.0,3.410464521618397,3.384707628208125
10.0,200.0,256.0,9.0,6.0,0.0,1.0793217767720495,1.0616242641723288
10.0,200.0,256.0,9.0,6.0,5.0,0.3406168820999649,0.324393476520566
10.0,200.0,256.0,9.0,6.0,10.0,0.10765726350815018,0.09153678002338267
10.0,200.0,256.0,9.0,6.0,15.0,0.03394413135760861,0.024115053701612977
10.0,200.0,256.0,9.0,6.0,20.0,0.010792642971369098,0.0077726892598235274
