num_sta,num_ffading,matrix_size,far_field,near_field,SNR,H_noise,H_decoded
10.0,200.0,256.0,6.0,0.0,-10.0,12.354344132836657,12.307423574420428
10.0,200.0,256.0,6.0,0.0,-5.0,3.9073802014765096,3.8763907822899726
10.0,200.0,256.0,6.0,0.0,0.0,1.2339148386997447,1.211340164026066
10.0,200.0,256.0,6.0,0.0,5.0,0.39087069547175995,0.36747213564041226
10.0,200.0,256.0,6.0,0.0,10.0,0.12364681852113435,0.0955475380029309
10.0,200.0,256.0,6.0,0.0,15.0,0.0391037759930917,0.019106519782786734
10.0,200.0,256.0,6.0,0.0,20.0,0.012337094360724539,0.005179971915218443
