num_sta,num_ffading,matrix_size,far_field,near_field,SNR,H_noise,H_decoded
10.0,200.0,256.0,3.0,0.0,-10.0,15.12690702368432,15.068866080268457
10.0,200.0,256.0,3.0,0.0,-5.0,4.760373713488714,4.721998662173335
10.0,200.0,256.0,3.0,0.0,0.0,1.5053351478920303,1.4767527625424928
10.0,200.0,256.0,3.0,0.0,5.0,0.47766552941905,0.4478252720183173
10.0,200.0,256.0,3.0,0.0,10.0,0.15041758454178938,0.11351050643028415
10.0,200.0,256.0,3.0,0.0,15.0,0.04776180341017897,0.02028747108190326
10.0,200.0,256.0,3.0,0.0,20.0,0.015082893459917635,0.004829168564901763
