num_sta,num_ffading,matrix_size,far_field,near_field,SNR,H_noise,H_decoded
10.0,200.0,256.0,0.0,9.0,-10.0,11.239304783962856,11.196245757903856
10.0,200.0,256.0,0.0,9.0,-5.0,3.559006731342054,3.53158326649573
10.0,200.0,256.0,0.0,9.0,0.0,1.1270265177119783,1.107101824896729
10.0,200.0,256.0,0.0,9.0,5.0,0.3561392361099779,0.3362684900879638
10.0,200.0,256.0,0.0,9.0,10.0,0.11259382275452696,0.09104251532675378
10.0,200.0,256.0,0.0,9.0,15.0,0.03558927258683141,0.02158451682968817
10.0,200.0,256.0,0.0,9.0,20.0,0.011277964693281645,0.006603475589969233
