num_sta,num_ffading,matrix_size,far_field,near_field,SNR,H_noise,H_decoded
10.0,200.0,256.0,15.0,0.0,-10.0,10.733611547699413,10.692482141412041
10.0,200.0,256.0,15.0,0.0,-5.0,3.398817703830271,3.3728184125630385
10.0,200.0,256.0,15.0,0.0,0.0,1.0744674718432465,1.0565542700524402
10.0,200.0,256.0,15.0,0.0,5.0,0.3396242926810563,0.32267139356388863
10.0,200.0,256.0,15.0,0.0,10.0,0.10748795620976102,0.08981867092627101
10.0,200.0,256.0,15.0,0.0,15.0,0.03398353156046893,0.022957555703787134
10.0,200.0,256.0,15.0,0.0,20.0,0.010746436095299019,0.007232159245926921
