num_sta,num_ffading,matrix_size,far_field,near_field,SNR,H_noise,H_decoded
10.0,200.0,256.0,3.0,15.0,-10.0,10.596168131262072,10.555990014177816
10.0,200.0,256.0,3.0,15.0,-5.0,3.358953844525133,3.333709809506712
10.0,200.0,256.0,3.0,15.0,0.0,1.061067633916094,1.0437552239160213
10.0,200.0,256.0,3.0,15.0,5.0,0.33626834065968514,0.3206626342399188
10.0,200.0,256.0,3.0,15.0,10.0,0.10594047601912328,0.09046907045620346
10.0,200.0,256.0,3.0,15.0,15.0,0.03357734794020821,0.024072036913282326
10.0,200.0,256.0,3.0,15.0,20.0,0.01061142109176274,0.007722235592995652
