num_sta,num_ffading,matrix_size,far_field,near_field,SNR,H_noise,H_decoded
10.0,200.0,256.0,6.0,9.0,-10.0,10.881177694029983,10.840205705847858
10.0,200.0,256.0,6.0,9.0,-5.0,3.4352742276185264,3.409314835287705
10.0,200.0,256.0,6.0,9.0,0.0,1.0875039837517282,1.0698404743709287
10.0,200.0,256.0,6.0,9.0,5.0,0.3429516294969109,0.3267660679509219
10.0,200.0,256.0,6.0,9.0,10.0,0.10843893716395232,0.09170275163559455
10.0,200.0,256.0,6.0,9.0,15.0,0.03444524512853674,0.023804364653260975
10.0,200.0,256.0,6.0,9.0,20.0,0.010870627960041287,0.007529657284031118
