num_sta,num_ffading,matrix_size,far_field,near_field,SNR,H_noise,H_decoded
10.0,200.0,256.0,0.0,15.0,-10.0,10.752141661177816,10.7115276764972
10.0,200.0,256.0,0.0,15.0,-5.0,3.4023235911437055,3.376804368409747
10.0,200.0,256.0,0.0,15.0,0.0,1.07817195136811,1.0605177594098603
10.0,200.0,256.0,0.0,15.0,5.0,0.34034353262010447,0.3241302732540505
10.0,200.0,256.0,0.0,15.0,10.0,0.10789592263819456,0.09168595183541499
10.0,200.0,256.0,0.0,15.0,15.0,0.034013596967838976,0.024095823350163113
10.0,200.0,256.0,0.0,15.0,20.0,0.010749326686233518,0.007701494033953068
