num_sta,num_ffading,matrix_size,far_field,near_field,SNR,H_noise,H_decoded
10.0,200.0,256.0,9.0,0.0,-10.0,11.158775393256473,11.116516542618395
10.0,200.0,256.0,9.0,0.0,-5.0,3.53744190248012,3.510128817358426
10.0,200.0,256.0,9.0,0.0,0.0,1.1188859151271933,1.099408178730291
10.0,200.0,256.0,9.0,0.0,5.0,0.3523571267952226,0.33307882972361325
10.0,200.0,256.0,9.0,0.0,10.0,0.11162111860786926,0.08945893091499255
10.0,200.0,256.0,9.0,0.0,15.0,0.03541064918162178,0.020192507658498404
10.0,200.0,256.0,9.0,0.0,20.0,0.011148556996928738,0.005932710574610279
