num_sta,num_ffading,matrix_size,far_field,near_field,SNR,H_noise,H_decoded
10.0,200.0,256.0,15.0,3.0,-10.0,10.705101087910734,10.664447327724195
10.0,200.0,256.0,15.0,3.0,-5.0,3.373780219415523,3.3481834760454516
10.0,200.0,256.0,15.0,3.0,0.0,1.0668755333910365,1.0493320855127657
10.0,200.0,256.0,15.0,3.0,5.0,0.3383076241155441,0.32254504925179833
10.0,200.0,256.0,15.0,3.0,10.0,0.10688567988301789,0.0914632529036762
10.0,200.0,256.0,15.0,3.0,15.0,0.03381121931258625,0.02448864721830755
10.0,200.0,256.0,15.0,3.0,20.0,0.010660709576681754,0.007915005526071783
