num_sta,num_ffading,matrix_size,far_field,near_field,SNR,H_noise,H_decoded
10.0,200.0,256.0,0.0,6.0,-10.0,12.035194525271537,11.988998466500895
10.0,200.0,256.0,0.0,6.0,-5.0,3.8022169187704637,3.7724586720814752
10.0,200.0,256.0,0.0,6.0,0.0,1.203758076323569,1.1820827997060972
10.0,200.0,256.0,0.0,6.0,5.0,0.3808085446205419,0.3584241825622909
10.0,200.0,256.0,0.0,6.0,10.0,0.12027121042112383,0.09352687507913854
