num_sta,num_ffading,matrix_size,far_field,near_field,SNR,H_noise,H_decoded
10.0,200.0,256.0,0.0,6.0,-10.0,12.0320928684548,5.017608100505009
10.0,200.0,256.0,0.0,6.0,-9.0,9.565751365753563,3.7049822089480395
