num_sta,num_ffading,matrix_size,far_field,near_field,SNR,H_noise,H_decoded
10.0,200.0,256.0,0.0,6.0,-10.0,12.040518737784655,11.99435169554891
10.0,200.0,256.0,0.0,6.0,-9.0,9.561984984892922,9.520217423170065
