num_sta,num_ffading,matrix_size,far_field,near_field,SNR,H_noise,H_decoded
10.0,200.0,256.0,0.0,6.0,-20.0,120.35092762244788,120.18203688261497
10.0,200.0,256.0,0.0,6.0,-15.0,38.08145748580356,37.99846576878422
10.0,200.0,256.0,0.0,6.0,-10.0,12.04911461168718,12.003102704507608
10.0,200.0,256.0,0.0,6.0,-5.0,3.8090123682375148,3.779103036341053
10.0,200.0,256.0,0.0,6.0,0.0,1.203073675965452,1.1813979603336928
10.0,200.0,256.0,0.0,6.0,5.0,0.380455154919165,0.35808649291568584
10.0,200.0,256.0,0.0,6.0,10.0,0.12037541956405533,0.09362490921005687
10.0,200.0,256.0,0.0,6.0,15.0,0.03808306785791296,0.01915109477110518
10.0,200.0,256.0,0.0,6.0,20.0,0.012043493533058095,0.005271648746492663
