num_sta,num_ffading,matrix_size,far_field,near_field,SNR,H_noise,H_decoded
10.0,200.0,256.0,0.0,6.0,-10.0,12.041839691073346,5.0216347896803795
10.0,200.0,256.0,0.0,6.0,-5.0,3.8050608510109423,1.28517769037262
10.0,200.0,256.0,0.0,6.0,0.0,1.2052905320105451,0.6193520603865813
10.0,200.0,256.0,0.0,6.0,5.0,0.3808166526678958,0.462211060455249
10.0,200.0,256.0,0.0,6.0,10.0,0.1204173248786829,0.41521929931151846
10.0,200.0,256.0,0.0,6.0,15.0,0.038078530539764024,0.40120583759440986
10.0,200.0,256.0,0.0,6.0,20.0,0.012014507249209163,0.39691848105469596
