num_sta,num_ffading,matrix_size,far_field,near_field,SNR,H_noise,H_decoded
10.0,200.0,256.0,1.0,5.0,-10.0,11.897407391482457,1027.3703582801193
10.0,200.0,256.0,1.0,5.0,-5.0,3.771688236231534,3.49992599048321
10.0,200.0,256.0,1.0,5.0,0.0,1.1884777071556765,1.1252545913125005
10.0,200.0,256.0,1.0,5.0,5.0,0.3777051135477221,0.3461316781283016
10.0,200.0,256.0,1.0,5.0,10.0,0.11884898503783527,0.09801428787263236
10.0,200.0,256.0,1.0,5.0,15.0,0.03766358995557309,0.025946423332771033
10.0,200.0,256.0,1.0,5.0,20.0,0.011923633277909953,0.00818642790296266
