num_sta,num_ffading,matrix_size,far_field,near_field,SNR,H_noise,H_decoded
10.0,200.0,256.0,0.0,3.0,-10.0,15.710509463268274,15.648789329509265
10.0,200.0,256.0,0.0,3.0,-5.0,4.969361024376623,4.930016420045271
10.0,200.0,256.0,0.0,3.0,0.0,1.569496839350214,1.542061968120729
10.0,200.0,256.0,0.0,3.0,5.0,0.4956190662151412,0.4681310408814581
10.0,200.0,256.0,0.0,3.0,10.0,0.15695550426592153,0.12024276707353371
10.0,200.0,256.0,0.0,3.0,15.0,0.04944104832284756,0.01946742279016435
10.0,200.0,256.0,0.0,3.0,20.0,0.015708659868529783,0.004250537342860108
