num_sta,num_ffading,matrix_size,far_field,near_field,SNR,H_noise,H_decoded
10.0,200.0,256.0,0.0,6.0,-10.0,12.042631252043632,11.99664206887796
10.0,200.0,256.0,0.0,6.0,-5.0,3.807826235825427,3.7779096294011776
10.0,200.0,256.0,0.0,6.0,0.0,1.2035233085263648,1.1817808272561117
10.0,200.0,256.0,0.0,6.0,5.0,0.3809966768023882,0.35864356299501066
10.0,200.0,256.0,0.0,6.0,10.0,0.12030419961482548,0.09359628825476038
10.0,200.0,256.0,0.0,6.0,15.0,0.03806369936933779,0.019141660442325917
10.0,200.0,256.0,0.0,6.0,20.0,0.012053090001123555,0.005272391755612695
