num_sta,num_ffading,matrix_size,far_field,near_field,SNR,H_noise,H_decoded
10.0,200.0,256.0,0.0,6.0,-20.0,120.40502008444147,120.2347089528367
10.0,200.0,256.0,0.0,6.0,-15.0,38.10169738722409,38.018806959098356
10.0,200.0,256.0,0.0,6.0,-10.0,12.03662789585585,11.990468221535895
10.0,200.0,256.0,0.0,6.0,-5.0,3.80530089000492,3.775518962541061
10.0,200.0,256.0,0.0,6.0,0.0,1.2032822651752215,1.1815967079950398
10.0,200.0,256.0,0.0,6.0,5.0,0.38100575288079724,0.3586144660668241
10.0,200.0,256.0,0.0,6.0,10.0,0.12037873839466834,0.09361213348346716
10.0,200.0,256.0,0.0,6.0,15.0,0.038083756084579,0.019157967336637535
10.0,200.0,256.0,0.0,6.0,20.0,0.012029430740642864,0.005262944642891543
