num_sta,num_ffading,matrix_size,far_field,near_field,SNR,H_noise,H_decoded
10.0,200.0,256.0,0.0,6.0,-10.0,12.206981303908407,12.16091660593504
10.0,200.0,256.0,0.0,6.0,-5.0,3.8556613942308613,3.8258162019468425
10.0,200.0,256.0,0.0,6.0,0.0,1.2199666234495017,1.1980598085755807
10.0,200.0,256.0,0.0,6.0,5.0,0.38573645208065077,0.3628902962753444
10.0,200.0,256.0,0.0,6.0,10.0,0.12200039973180958,0.09513752513183893
10.0,200.0,256.0,0.0,6.0,15.0,0.03858738788950506,0.020322980844726703
10.0,200.0,256.0,0.0,6.0,20.0,0.012241316697512087,0.005828764930980187
