SNR,H_noise,H_decoded
-10.0,11.272519485794641,2.4473859959327684
-5.0,3.5606900132222856,1.112792475022732
0.0,1.129192199062984,0.6048810670921708
5.0,0.35614508988499977,0.43038285161468354
10.0,0.11267357968267487,0.37414473629701184
15.0,0.035656443039478534,0.3551069260746884
20.0,0.011253623217819569,0.3490010037325781
