num_sta,num_ffading,matrix_size,far_field,near_field,SNR,H_noise,H_decoded
10.0,200.0,256.0,0.0,9.0,-10.0,11.253056777152054,1083.7698569332922
10.0,200.0,256.0,0.0,9.0,-5.0,3.5622020836507278,3.28827121310485
10.0,200.0,256.0,0.0,9.0,0.0,1.1272986544919827,1.0680767699789373
10.0,200.0,256.0,0.0,9.0,5.0,0.35620293083714943,0.3282014378856662
10.0,200.0,256.0,0.0,9.0,10.0,0.1126253627031115,0.09616237103684724
10.0,200.0,256.0,0.0,9.0,15.0,0.035644540266718545,0.02760575886433068
10.0,200.0,256.0,0.0,9.0,20.0,0.011272217470030823,0.009151610990886076
