SNR,H_noise,H_decoded
-10.0,11.258771795171134,2.4042926760777865
-5.0,3.5566192637108442,1.0777435430586906
0.0,1.129888457750994,0.5596195095383941
5.0,0.3572306876233324,0.37802583034539367
10.0,0.11274104306084774,0.32115546460976885
15.0,0.03563527407434946,0.30369282913802814
20.0,0.011277688183267425,0.2980447854993036
