num_sta,num_ffading,matrix_size,far_field,near_field,SNR,H_noise,H_decoded
10.0,200.0,256.0,0.0,6.0,-10.0,12.042803457717156,10.912406130687442
10.0,200.0,256.0,0.0,6.0,-5.0,3.807250043924259,3.209781541626234
10.0,200.0,256.0,0.0,6.0,0.0,1.20414659532342,0.8612871292661294
10.0,200.0,256.0,0.0,6.0,5.0,0.38031394642421373,0.16853472104375847
10.0,200.0,256.0,0.0,6.0,10.0,0.12028614940842874,0.036694216998649394
10.0,200.0,256.0,0.0,6.0,15.0,0.038088990272467746,0.02214461813574705
10.0,200.0,256.0,0.0,6.0,20.0,0.01203916826505626,0.01921224176114416
