num_sta,num_ffading,matrix_size,far_field,near_field,SNR,H_noise,H_decoded
10.0,200.0,256.0,0.0,6.0,-10.0,12.036670836457478,11.990900588646731
10.0,200.0,256.0,0.0,6.0,-5.0,3.803994612564138,3.7741899210494223
10.0,200.0,256.0,0.0,6.0,0.0,1.2028968276466505,1.1812468506513805
10.0,200.0,256.0,0.0,6.0,5.0,0.38078258130710596,0.3584348313302105
10.0,200.0,256.0,0.0,6.0,10.0,0.12040331305619684,0.0936519797502697
10.0,200.0,256.0,0.0,6.0,15.0,0.03808514648485305,0.019142618991523436
10.0,200.0,256.0,0.0,6.0,20.0,0.012020499153581136,0.005249857887471707
