num_sta,num_ffading,matrix_size,far_field,near_field,SNR,H_noise,H_decoded
10.0,200.0,256.0,9.0,0.0,-10.0,11.189773051077209,1024.291391718049
10.0,200.0,256.0,9.0,0.0,-5.0,3.527061006021992,3.317259854584052
10.0,200.0,256.0,9.0,0.0,0.0,1.1170890225260561,1.058583837869771
10.0,200.0,256.0,9.0,0.0,5.0,0.3526689787221021,0.32399739198396355
10.0,200.0,256.0,9.0,0.0,10.0,0.11164378551954916,0.09256048592972572
10.0,200.0,256.0,9.0,0.0,15.0,0.03537795858603317,0.02471148144069403
10.0,200.0,256.0,9.0,0.0,20.0,0.011158605413605355,0.007836466066113
