num_sta,num_ffading,matrix_size,far_field,near_field,SNR,H_noise,H_decoded
10.0,200.0,256.0,0.0,6.0,-10.0,12.204847282082955,1109.8724872176156
10.0,200.0,256.0,0.0,6.0,-5.0,3.861300189632627,3.576920242170263
10.0,200.0,256.0,0.0,6.0,0.0,1.2190153648464166,1.1539621131048685
10.0,200.0,256.0,0.0,6.0,5.0,0.38558007168957376,0.3529399291996229
10.0,200.0,256.0,0.0,6.0,10.0,0.12179775732960113,0.10016509485259238
10.0,200.0,256.0,0.0,6.0,15.0,0.03860175102111222,0.026639079175783037
10.0,200.0,256.0,0.0,6.0,20.0,0.01220734617375028,0.008430600308859542
