num_sta,num_ffading,matrix_size,far_field,near_field,SNR,H_noise,H_decoded
10.0,200.0,256.0,3.0,0.0,-10.0,15.047303583245034,1273.3737117593187
10.0,200.0,256.0,3.0,0.0,-5.0,4.764001375585912,4.429132508233169
10.0,200.0,256.0,3.0,0.0,0.0,1.5105775219359165,1.4286967451658712
10.0,200.0,256.0,3.0,0.0,5.0,0.4766349438836451,0.434852876311372
10.0,200.0,256.0,3.0,0.0,10.0,0.1513453007488813,0.12138144867946
10.0,200.0,256.0,3.0,0.0,15.0,0.04773960235617131,0.02941336723464432
10.0,200.0,256.0,3.0,0.0,20.0,0.01510396940593652,0.008637539692168713
