num_sta,num_ffading,matrix_size,far_field,near_field,SNR,H_noise,H_decoded
10.0,200.0,256.0,0.0,15.0,-10.0,10.769148651520107,1042.4764426940028
10.0,200.0,256.0,0.0,15.0,-5.0,3.404704801182392,3.1437538125270783
10.0,200.0,256.0,0.0,15.0,0.0,1.074044815806683,1.019433431174163
10.0,200.0,256.0,0.0,15.0,5.0,0.34114975615172793,0.31657292340242477
10.0,200.0,256.0,0.0,15.0,10.0,0.10767239303360314,0.09448719776998213
10.0,200.0,256.0,0.0,15.0,15.0,0.0340157358940716,0.028008079833086435
10.0,200.0,256.0,0.0,15.0,20.0,0.010745535331973729,0.00946946863416158
