num_sta,num_ffading,matrix_size,far_field,near_field,SNR,H_noise,H_decoded
10.0,200.0,256.0,15.0,0.0,-10.0,10.721794447372034,991.9500191641478
10.0,200.0,256.0,15.0,0.0,-5.0,3.398985049500081,3.150617146605787
10.0,200.0,256.0,15.0,0.0,0.0,1.0760388574917565,1.020768879645254
10.0,200.0,256.0,15.0,0.0,5.0,0.3398019724079707,0.3142710077851219
10.0,200.0,256.0,15.0,0.0,10.0,0.10729241260407753,0.09267902568769502
10.0,200.0,256.0,15.0,0.0,15.0,0.033965280757386314,0.026905767977751266
10.0,200.0,256.0,15.0,0.0,20.0,0.01073999967527299,0.008952019688044887
