num_sta,num_ffading,matrix_size,far_field,near_field,SNR,H_noise,H_decoded
10.0,200.0,256.0,6.0,0.0,-10.0,12.325216630337183,1015.1706295415265
10.0,200.0,256.0,6.0,0.0,-5.0,3.8955474593573336,3.6422663830561355
10.0,200.0,256.0,6.0,0.0,0.0,1.2342447435894706,1.1688506289849259
10.0,200.0,256.0,6.0,0.0,5.0,0.39030770840045065,0.3573362138281576
10.0,200.0,256.0,6.0,0.0,10.0,0.12313575731937244,0.10042786615777205
10.0,200.0,256.0,6.0,0.0,15.0,0.039156000025914496,0.025836075680916202
10.0,200.0,256.0,6.0,0.0,20.0,0.01232917611476482,0.007874785110165787
