num_sta,num_ffading,matrix_size,far_field,near_field,SNR,H_noise,H_decoded
10.0,200.0,256.0,0.0,3.0,-10.0,15.709918368219274,1217.1816382103204
10.0,200.0,256.0,0.0,3.0,-5.0,4.971381310659594,4.6725795920975175
10.0,200.0,256.0,0.0,3.0,0.0,1.5695628663374428,1.4863852311794445
10.0,200.0,256.0,0.0,3.0,5.0,0.4964878953255605,0.45350301070031174
10.0,200.0,256.0,0.0,3.0,10.0,0.15699306160418655,0.12406888620684493
10.0,200.0,256.0,0.0,3.0,15.0,0.04969466456731341,0.02768393976195923
10.0,200.0,256.0,0.0,3.0,20.0,0.015662720398154424,0.007492212663302986
